Removed from panel	Drug	Gene	Variant	TP	FP
candidate panel 1	Ciprofloxacin	gyrA	D94H	0	1
candidate panel 1	Ethambutol	embB	Q497K	0	3
candidate panel 1	Kanamycin	rrs	C1402X	0	1
candidate panel 1	Moxifloxacin	gyrA	A90G	0	1
candidate panel 1	Streptomycin	gid	E173X	0	1
candidate panel 1	Capreomycin	gid	Y195H	1	26
candidate panel 2	Amikacin	rrs	C1402X	0	1
candidate panel 2	Capreomycin	tlyA	C-83T-C	0	1
candidate panel 2	Ciprofloxacin	gyrA	D94A	0	1
candidate panel 2	Pyrazinamide	pncA	A171E	0	1
candidate panel 2	Pyrazinamide	pncA	C14W	0	1
candidate panel 2	Pyrazinamide	pncA	D136N	0	1
candidate panel 2	Pyrazinamide	pncA	D63G	0	3
candidate panel 2	Pyrazinamide	pncA	F13V	0	2
candidate panel 2	Pyrazinamide	pncA	F81S	0	2
candidate panel 2	Pyrazinamide	pncA	F81V	0	3
candidate panel 2	Pyrazinamide	pncA	G17D	0	1
candidate panel 2	Pyrazinamide	pncA	G78C	0	1
candidate panel 2	Pyrazinamide	pncA	GCG112GCC	0	2
candidate panel 2	Pyrazinamide	pncA	I31T	0	1
candidate panel 2	Pyrazinamide	pncA	I5T	0	1
candidate panel 2	Pyrazinamide	pncA	K96Q	0	1
candidate panel 2	Pyrazinamide	pncA	M175I	0	2
candidate panel 2	Pyrazinamide	pncA	P54S	0	1
candidate panel 2	Pyrazinamide	pncA	T135I	0	1
candidate panel 2	Pyrazinamide	pncA	T135S	0	1
candidate panel 2	Pyrazinamide	pncA	V125D	0	1
candidate panel 2	Pyrazinamide	pncA	V125F	0	1
candidate panel 2	Pyrazinamide	pncA	V21A	0	1
candidate panel 2	Pyrazinamide	pncA	V7A	0	1
candidate panel 2	Streptomycin	gid	H48N	0	2
candidate panel 2	Streptomycin	gid	S70N	0	1
candidate panel 2	Streptomycin	gid	V41I	0	1
candidate panel 2	Streptomycin	gid	V88A	0	1
